景区名称,级别,类别,核心看点与特色,适宜人群
世界公园,4A,主题公园/微缩景观,一日游遍世界：五大洲近100处地标微缩模型,亲子/摄影/学生
世界花卉大观园,4A,植物园/花卉主题,15大温室+各国主题花园，四季赏花,花卉爱好者/亲子/婚纱摄影
八奇洞,4A,自然风光/溶洞,410 m地下滑道+"8"字褶皱，恒温16℃,地质探险/避暑游客
中国人民抗日战争纪念馆,4A,博物馆/红色旅游,全面抗战史+珍贵文物，爱国主义教育核心地,历史研究者/学生/团体
中国紫檀博物馆,4A,专题博物馆,紫檀家具+故宫微缩，私人收藏,木艺文化/艺术爱好者
中国航空博物馆,4A,专题博物馆,300+真机+伟人专机+模拟体验,军迷/亲子/学生
中央广播电视塔,4A,城市观光/现代建筑,238 m观景+旋转餐厅+海底世界,情侣/城市夜景控
中山公园,无,历史名园/城市公园,社稷坛+古柏林+春季郁金香,市民/历史园林爱好者
云居寺,4A,宗教文化/历史遗迹,三绝经藏+"北京敦煌"，石经山,佛教文化/历史研究者
京东大峡谷,4A,峡谷山水,玻璃栈道+高山湖泊+深潭瀑布,登山徒步/避暑/团建
石林峡,4A,地质奇观/峡谷,UFO 360°玻璃观景台+峭壁巨石,年轻人/登山摄影
什刹海,无,人文街区/城市风情,胡同+王府+酒吧+夜游船，老北京味,全龄段/夜游/老外
北京汽车博物馆,4A,专题博物馆,百年汽车史+古董车+互动驾驶,车迷/亲子
八大处公园,4A,宗教/山岳,八刹+滑道+红叶节，京郊祈福登山地,登山/礼佛/赏秋
水关长城,4A,长城段落,人少景野+詹天佑旧轨，长城穿水关,徒步/摄影/避开人潮
八达岭长城,5A,世界文化遗产,最经典开放段，"不到长城非好汉",首次来京/全龄段
凤凰岭,4A,山岳/自然风光,京西小黄山+奇山怪石+寺观,周末轻徒步/避暑
丫髻山,4A,道教名山/山岳,双峰似发髻+桃花海+庙会,春游/香客/登山
北京动物园,4A,动物园,熊猫馆+内陆最大海洋馆联票,亲子/动物爱好者
北京十渡,4A,喀斯特山水,拒马河"百里画廊"+漂流+蹦极,户外团建/夏季玩水
北京园博园,4A,园林博览,各地展园+花海+骑行绿道,园林爱好者/摄影/徒步
北京天文馆,4A,科技馆,球幕天象厅+陨石+宇宙互动展,青少年/天文亲子
奥林匹克水上公园,4A,体育主题/水上,奥运赛道+帆船滑水+沙滩,水上运动/团建
奥林匹克公园,5A,城市公园/奥运地标,鸟巢水立方+夜景+奥塔,打卡/夜跑/摄影
北京植物园,4A,科研植物园,卧佛寺+樱桃沟+春季赏花,植物爱好者/春季摄影
青龙山,无,城市近郊登山,石窟寺+观密云水库,本地健身/登山
北京欢乐谷,4A,主题乐园,7大主题区+夜场+顶级过山车,年轻人/亲子
北京海洋馆,4A,水族馆,内陆最大+海底隧道+海豚表演,亲子/雨天游
渔阳国际滑雪场,4A,滑雪场,初-高级道+戏雪乐园,滑雪新手/冬季团建
北京规划展览馆,4A,专题展馆,北京巨型沙盘+4D影片,城市规划/建筑爱好者
韩美林艺术馆,4A,现代艺术馆,奥运福娃原作+陶艺/雕塑,艺术爱好者/学生
顺义国际鲜花港,4A,农业花卉,郁金香+菊花两季花海,拍照/亲子/周末
黄花城水长城,4A,长城+山水,长城入水+划船+徒步,摄影/轻徒步/山水长城
北宫国家森林公园,4A,森林公园,彩叶林+动物园，人少景密,市民/秋季赏叶/家庭自驾
北海公园,4A,皇家园林,白塔+划船+柳荫，最早的皇城宫苑,情侣/老人/四季皆可
十三陵,5A,帝王陵寝,神道+定陵地宫，完整皇家陵寝体系,历史/古建深度游
南宫旅游景区,4A,综合温泉,地热温泉+鹦鹉园+采摘,周末泡汤/亲子
司马台长城,5A,长城,夜游+险要原貌+古北水镇联动,摄影/情侣/深度长城
周口店遗址,4A,古人类遗址,北京猿人+4D体验,学生/科普/考古
圆明园,5A,皇家遗址公园,万园之园废墟+荷花湖，爱国主义教育,全龄/历史反思/夏季赏荷
圣莲山,4A,佛道名山,京西小五岳+老子坐像+索道,登山/避暑/祈福
地坛公园,4A,皇家坛庙,方泽坛+银杏大道+春节庙会,市民/古建/摄影
天坛公园,5A,皇家祭坛,祈年殿+回音壁+古柏林,必打卡/古建/晨练
孔庙国子监,4A,儒家文化,进士碑+琉璃牌坊+祭孔礼仪,学生/传统文化/研学
小汤山,无,温泉,众多温泉酒店+疗养,温泉养生/周末度假
居庸关长城,4A,关城长城,天下第一雄关+云台元代浮雕+列车花海,长城/摄影/春季
百里山水画廊,4A,自驾风光带,硅化木+恐龙足迹+深谷画廊,自驾/地质/骑行
恭王府,5A,清代王府,和珅宅邸+福字碑+精致花园,历史/建筑/全龄
慕田峪长城,5A,长城,缆车+滑道+植被最佳，外宾最爱,家庭/外宾/轻松长城
戒台寺,4A,佛教古刹,全国最大戒坛+奇松（九龙松）,礼佛/古树/静心
故宫博物院,5A,皇家宫殿,最大木建群+180万件珍宝,首刷北京/全龄/文化
明城墙遗址公园,无,市内残墙,梅花+夜景+断代城墙,城市漫步/春季赏梅
景山公园,4A,制高点,万春亭拍故宫全景+崇祯自缢处,摄影/日落/全龄
朝阳公园,4A,城市绿肺,沙滩节+跑步道+四环内最大,市民/夜跑/亲子
松山森林旅游区,4A,原始森林,百瀑谷+生态科考,避暑/科普/徒步
桃源仙谷,4A,峡谷湖泊,京郊小九寨+湖瀑相连,登山玩水/避暑/摄影
温都水城,4A,温泉水乐园,造浪池+热带雨林馆+滑道,戏水/泡汤/团建
潭柘寺,4A,千年古刹,北京最老寺+千年银杏+"先有潭柘后有北京",祈福/古建/秋季
玉渊潭公园,4A,赏樱名所,樱花节+湖景+央视倒影,春季赏花/摄影/市民
石景山游乐园,4A,老牌乐园,童话城堡+摩天轮+夜光,亲子/怀旧/本地
石花洞,4A,多层溶洞,石花+石旗+多层结构,地质/避暑/探险
紫竹院公园,无,江南竹景,免费+泛舟+汉服拍照,市民/老人/茶文化
红螺寺,4A,佛教圣地,男雍和女红螺+雌雄银杏+求姻缘,香客/赏秋/祈福
中国园林博物馆,4A,园林主题,室内展园+互动+全景园林史,雨天/学生/园林艺术
蟹岛,4A,生态农庄,采摘+农家饭+动物园,团建/亲子一日游
大运河森林公园,4A,滨河生态,运河骑行+露营+超长沙带,骑行/遛狗/市民
野鸭湖,4A,观鸟湿地,北京唯一湿地鸟保+秋季芦苇,摄影/观鸟/自然教育
金海湖,4A,最大水域,坝体彩绘+游船+水上运动,周末度假/水上运动/团建
银山塔林,4A,辽金塔林,密檐砖塔群+清幽山谷,古塔/访古/轻徒步
陶然亭公园,4A,亭文化,各地名亭复刻+冰雪嘉年华,市民/冬季滑冰/亭文化
雁栖湖,4A,国际会议湖,APEC会址+环湖骑行+现代建筑,会议/骑行/家庭
青龙峡,4A,峡谷游乐,蹦极+竹筏+水库速降,青年团建/夏季玩水
颐和园,5A,皇家园林,昆明湖+长廊+万寿山,全龄/园林艺术必游
首都博物馆,4A,北京通史,3000年城史+8百年都史+临展,深度文化/学生/市民
香山公园,4A,皇家红叶,红叶节+碧云寺+索道,秋季赏红/健身/全龄
黑龙潭,4A,峡谷潭瀑,三瀑十八潭+新奇特险,登山避暑/摄影
龙庆峡,4A,塞外小漓江,游船+冰灯节+峡谷碧水,夏季避暑/冬季冰灯
龙潭公园,4A,龙文化主题,湖心岛+春节庙会+冰雪乐园,市民/晨练/庙会
龙脉温泉度假村,4A,室内温泉宫,热带雨林馆+私汤+娱乐宫,温泉娱乐/周末/团建
